Section;Scopus1;Scopus2;Scopus3
Animal, Nutritional, and Applied Microbial Sciences;6602654080;;
Animal, Nutritional, and Applied Microbial Sciences;6701441610;56573959200;
Animal, Nutritional, and Applied Microbial Sciences;7003775658;56713731000;
Animal, Nutritional, and Applied Microbial Sciences;7004337256;;
Animal, Nutritional, and Applied Microbial Sciences;7004527986;;
Animal, Nutritional, and Applied Microbial Sciences;7004749571;;
Animal, Nutritional, and Applied Microbial Sciences;7004856107;;
Animal, Nutritional, and Applied Microbial Sciences;7005059447;;
Animal, Nutritional, and Applied Microbial Sciences;7005190462;56425682600;
Animal, Nutritional, and Applied Microbial Sciences;7005264435;;
Animal, Nutritional, and Applied Microbial Sciences;7005896029;56936571100;
Animal, Nutritional, and Applied Microbial Sciences;7005972853;;
Animal, Nutritional, and Applied Microbial Sciences;7006152044;;
Animal, Nutritional, and Applied Microbial Sciences;7006598341;;
Animal, Nutritional, and Applied Microbial Sciences;7006668153;;
Animal, Nutritional, and Applied Microbial Sciences;7006721427;;
Animal, Nutritional, and Applied Microbial Sciences;7006747773;;
Animal, Nutritional, and Applied Microbial Sciences;7007025282;;
Animal, Nutritional, and Applied Microbial Sciences;7101644663;;
Animal, Nutritional, and Applied Microbial Sciences;7101754379;34572585200;
Animal, Nutritional, and Applied Microbial Sciences;7101843599;57174276300;57174275600
Animal, Nutritional, and Applied Microbial Sciences;7101959025;;
Animal, Nutritional, and Applied Microbial Sciences;7102070450;;
Animal, Nutritional, and Applied Microbial Sciences;7102226747;57188771370;56942274500
Animal, Nutritional, and Applied Microbial Sciences;7102420338;56957840600;56626367400
Animal, Nutritional, and Applied Microbial Sciences;7102653635;;
Animal, Nutritional, and Applied Microbial Sciences;7102678729;56772394700;
Animal, Nutritional, and Applied Microbial Sciences;7102739645;35924838300;
Animal, Nutritional, and Applied Microbial Sciences;7102772887;55731759800;55947370400
Animal, Nutritional, and Applied Microbial Sciences;7102803194;;
Animal, Nutritional, and Applied Microbial Sciences;7102838897;55415143000;
Animal, Nutritional, and Applied Microbial Sciences;7102962097;;
Animal, Nutritional, and Applied Microbial Sciences;7102980468;;
Animal, Nutritional, and Applied Microbial Sciences;7103108357;;
Animal, Nutritional, and Applied Microbial Sciences;7103354573;;
Animal, Nutritional, and Applied Microbial Sciences;7201791666;56701969600;
Animal, Nutritional, and Applied Microbial Sciences;7202548675;;
Animal, Nutritional, and Applied Microbial Sciences;7402568109;;
Animal, Nutritional, and Applied Microbial Sciences;7402662579;56277704200;56277702300
Animal, Nutritional, and Applied Microbial Sciences;7402860800;36723669400;
Animal, Nutritional, and Applied Microbial Sciences;7402988674;56658204800;57037660900
Animal, Nutritional, and Applied Microbial Sciences;7403057299;;
Animal, Nutritional, and Applied Microbial Sciences;7404251005;;
Animal, Nutritional, and Applied Microbial Sciences;7501592944;;
Animal, Nutritional, and Applied Microbial Sciences;16943119700;56773700900;55897276800
Animal, Nutritional, and Applied Microbial Sciences;24549113400;;
Animal, Nutritional, and Applied Microbial Sciences;34572204300;56750453600;
Animal, Nutritional, and Applied Microbial Sciences;35232824200;;
Animal, Nutritional, and Applied Microbial Sciences;35426519500;;
Animal, Nutritional, and Applied Microbial Sciences;35452055100;24601065700;
Animal, Nutritional, and Applied Microbial Sciences;35500011200;57188855377;
Animal, Nutritional, and Applied Microbial Sciences;36874814700;56880471200;37114647200
Animal, Nutritional, and Applied Microbial Sciences;55584249400;55708785100;
Animal, Nutritional, and Applied Microbial Sciences;55652638700;55424697300;
Animal, Nutritional, and Applied Microbial Sciences;56240257200;7006146378;56884179500
Animal, Nutritional, and Applied Microbial Sciences;56262770500;;
Animal, Nutritional, and Applied Microbial Sciences;56715291700;;
Animal, Nutritional, and Applied Microbial Sciences;;;
Animal, Nutritional, and Applied Microbial Sciences;;;
Animal, Nutritional, and Applied Microbial Sciences;;;
Applied Mathematical Sciences;6603562269;;
Applied Mathematical Sciences;6603591340;;
Applied Mathematical Sciences;6603672796;57055466400;57055466400
Applied Mathematical Sciences;6603730728;;
Applied Mathematical Sciences;6603825406;;
Applied Mathematical Sciences;6604092253;;
Applied Mathematical Sciences;6701361168;56946571000;
Applied Mathematical Sciences;6701473551;;
Applied Mathematical Sciences;7003322807;;
Applied Mathematical Sciences;7003484242;;
Applied Mathematical Sciences;7003489919;56919430600;
Applied Mathematical Sciences;7003552177;;
Applied Mathematical Sciences;7003564950;57188769198;
Applied Mathematical Sciences;7003780414;;
Applied Mathematical Sciences;7004070381;;
Applied Mathematical Sciences;7004106691;57098190700;
Applied Mathematical Sciences;7004201138;;
Applied Mathematical Sciences;7004328455;56834419300;
Applied Mathematical Sciences;7004386298;56446568900;
Applied Mathematical Sciences;7004392340;56800390900;
Applied Mathematical Sciences;7004411535;56702397300;
Applied Mathematical Sciences;7004978125;;
Applied Mathematical Sciences;7005411569;;
Applied Mathematical Sciences;7005432426;55408499200;
Applied Mathematical Sciences;7005449985;;
Applied Mathematical Sciences;7005832375;56980407700;
Applied Mathematical Sciences;7005991109;;
Applied Mathematical Sciences;7006144847;;
Applied Mathematical Sciences;7006637893;;
Applied Mathematical Sciences;7006716639;35319986500;
Applied Mathematical Sciences;7006834931;57011016800;
Applied Mathematical Sciences;7007183704;;
Applied Mathematical Sciences;7101714013;;
Applied Mathematical Sciences;7101991704;;
Applied Mathematical Sciences;7102605265;;
Applied Mathematical Sciences;7102618762;;
Applied Mathematical Sciences;7202293939;55505252900;
Applied Mathematical Sciences;7202307156;56410419700;
Applied Mathematical Sciences;7202668342;57189289597;
Applied Mathematical Sciences;7202990634;;
Applied Mathematical Sciences;7401558620;;
Applied Mathematical Sciences;7401866412;55503936500;55503936500
Applied Mathematical Sciences;7401879875;;
Applied Mathematical Sciences;7402849752;;
Applied Mathematical Sciences;7403017147;;
Applied Mathematical Sciences;7403413477;56995176200;56995176200
Applied Mathematical Sciences;7403972659;;
Applied Mathematical Sciences;7404267742;57189013474;
Applied Mathematical Sciences;7404445631;;
Applied Mathematical Sciences;7410010381;;
Applied Mathematical Sciences;26642961600;;
Applied Mathematical Sciences;35549279200;;
Applied Mathematical Sciences;35601415200;;
Applied Mathematical Sciences;36850100800;56531283400;
Applied Mathematical Sciences;55938970900;35263087900;35263087900
Applied Mathematical Sciences;55940969200;;
Applied Mathematical Sciences;56260411300;7402455783;
Applied Mathematical Sciences;56901950300;16074590200;
Applied Mathematical Sciences;57123664100;55179670200;
Applied Mathematical Sciences;;;
Applied Mathematical Sciences;;;
Applied Mathematical Sciences;;;
Applied Mathematical Sciences;;;
Applied Mathematical Sciences;;;
Applied Mathematical Sciences;;;
Applied Mathematical Sciences;;;
Applied Physical Sciences;6602462561;;
Applied Physical Sciences;6603851242;57097832800;57097832800
Applied Physical Sciences;6701511046;;
Applied Physical Sciences;7003392812;;
Applied Physical Sciences;7003415814;;
Applied Physical Sciences;7003480163;;
Applied Physical Sciences;7003670793;;
Applied Physical Sciences;7003838150;;
Applied Physical Sciences;7003932189;;
Applied Physical Sciences;7004307507;;
Applied Physical Sciences;7004337821;;
Applied Physical Sciences;7004361447;;
Applied Physical Sciences;7004445273;;
Applied Physical Sciences;7004480016;;
Applied Physical Sciences;7004543148;57090079600;
Applied Physical Sciences;7004575530;;
Applied Physical Sciences;7004967893;;
Applied Physical Sciences;7005050768;;
Applied Physical Sciences;7005064558;;
Applied Physical Sciences;7005272488;;
Applied Physical Sciences;7005276583;;
Applied Physical Sciences;7005323740;;
Applied Physical Sciences;7005569318;;
Applied Physical Sciences;7005638417;;
Applied Physical Sciences;7005744044;;
Applied Physical Sciences;7005756364;;
Applied Physical Sciences;7005789130;55672092200;55672092200
Applied Physical Sciences;7005827940;;
Applied Physical Sciences;7005881317;;
Applied Physical Sciences;7005915008;57189018009;
Applied Physical Sciences;7006115595;;
Applied Physical Sciences;7006117279;;
Applied Physical Sciences;7006216581;;
Applied Physical Sciences;7006457019;;
Applied Physical Sciences;7006483986;;
Applied Physical Sciences;7006583549;;
Applied Physical Sciences;7006620375;;
Applied Physical Sciences;7006798731;;
Applied Physical Sciences;7006803994;57097268700;
Applied Physical Sciences;7101695109;;
Applied Physical Sciences;7101962238;36787487300;36787487300
Applied Physical Sciences;7102063613;56976049400;
Applied Physical Sciences;7102145116;56439040800;
Applied Physical Sciences;7102576606;56673708800;
Applied Physical Sciences;7102626350;57043427200;57043427200
Applied Physical Sciences;7102720410;57096902600;
Applied Physical Sciences;7103145542;;
Applied Physical Sciences;7103247156;56211203100;
Applied Physical Sciences;7103319960;56494335300;56494335300
Applied Physical Sciences;7201893707;;
Applied Physical Sciences;7202330198;;
Applied Physical Sciences;7401725370;;
Applied Physical Sciences;7404419624;56391109300;
Applied Physical Sciences;7405993157;;
Applied Physical Sciences;7406116249;57037473800;57037473800
Applied Physical Sciences;8281209400;;
Applied Physical Sciences;12799863000;56709151800;
Applied Physical Sciences;13005991800;;
Applied Physical Sciences;15922633900;56672123500;
Applied Physical Sciences;16039893500;57043411000;
Applied Physical Sciences;16057918300;;
Applied Physical Sciences;16197143700;;
Applied Physical Sciences;16198102800;36865161200;
Applied Physical Sciences;22967175500;56735668500;
Applied Physical Sciences;22970196300;;
Applied Physical Sciences;22972298500;55729254200;55729254200
Applied Physical Sciences;22973885300;56478512700;
Applied Physical Sciences;22977881200;56988792300;
Applied Physical Sciences;24504515700;56491813700;
Applied Physical Sciences;26643179100;56767713200;
Applied Physical Sciences;35375959000;7103284821;
Applied Physical Sciences;35416587500;55677088061;55677088061
Applied Physical Sciences;35418504500;56963490400;56963490400
Applied Physical Sciences;35420992900;56426799900;
Applied Physical Sciences;35453294800;;
Applied Physical Sciences;35462445500;56519211500;
Applied Physical Sciences;35462742600;56201984200;56201984200
Applied Physical Sciences;35493420800;56984296200;
Applied Physical Sciences;35599537900;;
Applied Physical Sciences;36037656100;;
Applied Physical Sciences;36042076200;55234607500;
Applied Physical Sciences;36042289800;;
Applied Physical Sciences;36046746000;;
Applied Physical Sciences;36749027600;7101843149;
Applied Physical Sciences;36939858200;56980830300;
Applied Physical Sciences;55424289300;;
Applied Physical Sciences;55928496900;57108954800;57108954800
Applied Physical Sciences;56007745800;7006080564;
Applied Physical Sciences;56142584700;;
Applied Physical Sciences;56224652900;7202471220;7202471220
Applied Physical Sciences;56227861400;;
Applied Physical Sciences;56235417800;;
Applied Physical Sciences;56256990100;56282047000;56282047000
Applied Physical Sciences;56260427900;55708243100;
Applied Physical Sciences;;;
Applied Physical Sciences;;;
Applied Physical Sciences;;;
Applied Physical Sciences;;;
Applied Physical Sciences;;;
Applied Physical Sciences;;;
Applied Physical Sciences;;;
Applied Physical Sciences;;;
Applied Physical Sciences;;;
Applied Physical Sciences;;;
Applied Physical Sciences;;;
Applied Physical Sciences;;;
Astronomy;6602705225;;
Astronomy;6603638151;6602123687;
Astronomy;6701475619;;
Astronomy;6701721082;;
Astronomy;6701780709;;
Astronomy;7003569311;;
Astronomy;7003754236;55808072056;
Astronomy;7003953550;;
Astronomy;7004085957;;
Astronomy;7004366195;57101590200;
Astronomy;7004512177;;
Astronomy;7005120852;57043488300;
Astronomy;7005168968;36855920800;
Astronomy;7005439113;;
Astronomy;7005600627;;
Astronomy;7005624592;;
Astronomy;7005932778;;
Astronomy;7006023986;;
Astronomy;7006150774;57081033700;
Astronomy;7006353928;;
Astronomy;7006368710;;
Astronomy;7006561627;55396305400;
Astronomy;7006692744;55950044700;
Astronomy;7006701905;;
Astronomy;7006755510;;
Astronomy;7006828789;;
Astronomy;7007104829;57043464600;
Astronomy;7007108870;;
Astronomy;7007143455;;
Astronomy;7101669059;36842511300;
Astronomy;7101806481;55541597900;
Astronomy;7101871369;56536160600;
Astronomy;7102089546;56973557800;
Astronomy;7102275387;;
Astronomy;7102301757;56457773200;
Astronomy;7102520274;55993418700;
Astronomy;7103289119;;
Astronomy;7201512394;56971840100;56971840100
Astronomy;7201609049;57072621700;
Astronomy;7201986023;6701466597;6701466597
Astronomy;7202507088;56785219100;56785219100
Astronomy;7202791054;57042896600;57042896600
Astronomy;7401796214;56658248600;
Astronomy;7402046134;55424115100;55424115100
Astronomy;7402828523;56852760400;
Astronomy;7402875103;56726010000;
Astronomy;7404795329;;
Astronomy;7405405255;;
Astronomy;7405994388;;
Astronomy;12801438900;;
Astronomy;16199171600;56658962100;
Astronomy;16436863200;;
Astronomy;22982683200;;
Astronomy;23053867600;55773526700;
Astronomy;25943445800;35887069600;35887069600
Astronomy;34568722000;57075996700;
Astronomy;35227203000;55977242600;
Astronomy;35228413700;;
Astronomy;35247659900;7005707853;
Astronomy;35248104800;55216171800;
Astronomy;35248931300;;
Astronomy;35275570700;55174236400;55174236400
Astronomy;35276941600;;
Astronomy;35277140000;36939508200;36939508200
Astronomy;35292808100;57043458300;
Astronomy;35313756000;;
Astronomy;35318915600;;
Astronomy;35353135800;56393989900;
Astronomy;35354467100;36729890400;
Astronomy;35395323300;;
Astronomy;35430744200;;
Astronomy;35499152300;;
Astronomy;35503131500;;
Astronomy;35504002700;;
Astronomy;35857193700;57065048500;57065048500
Astronomy;36858739200;55730672000;
Astronomy;36951820400;;
Astronomy;55662855000;56660789500;
Astronomy;55976730400;;
Astronomy;56051750300;;
Astronomy;56244673300;;
Astronomy;;;
Astronomy;;;
Astronomy;;;
Astronomy;;;
Astronomy;;;
Astronomy;;;
Astronomy;;;
Astronomy;;;
Astronomy;;;
Astronomy;;;
Astronomy;;;
Astronomy;;;
Astronomy;;;
Astronomy;;;
Biochemistry;7004091333;;
Biochemistry;7004120416;56759736100;
Biochemistry;7004295839;;
Biochemistry;7004392493;;
Biochemistry;7004439291;36896791100;
Biochemistry;7004636328;;
Biochemistry;7004758558;56745884000;56745884000
Biochemistry;7004865046;;
Biochemistry;7005107374;;
Biochemistry;7005152754;;
Biochemistry;7005185878;;
Biochemistry;7005215197;56016313400;
Biochemistry;7005218175;;
Biochemistry;7005313059;;
Biochemistry;7005327204;;
Biochemistry;7005423729;;
Biochemistry;7005430401;;
Biochemistry;7005460117;56400513900;56400513900
Biochemistry;7005471722;;
Biochemistry;7005504033;;
Biochemistry;7005554480;;
Biochemistry;7005554745;56219197200;
Biochemistry;7005629726;;
Biochemistry;7005722190;55412655300;55412655300
Biochemistry;7005927808;56788991300;56788991300
Biochemistry;7005931506;;
Biochemistry;7006023128;;
Biochemistry;7006067021;;
Biochemistry;7006115520;56432425400;56432425400
Biochemistry;7006163980;;
Biochemistry;7006285665;56943134900;56943134900
Biochemistry;7006326315;;
Biochemistry;7006335108;55568513755;
Biochemistry;7006345926;;
Biochemistry;7006352542;;
Biochemistry;7006354904;;
Biochemistry;7006361495;36879381900;
Biochemistry;7006437410;;
Biochemistry;7006442578;;
Biochemistry;7006468282;;
Biochemistry;7006494073;;
Biochemistry;7006510554;;
Biochemistry;7006581498;;
Biochemistry;7006619386;;
Biochemistry;7006639568;;
Biochemistry;7006904234;;
Biochemistry;7006965675;;
Biochemistry;7007000916;;
Biochemistry;7007010644;;
Biochemistry;7007032461;;
Biochemistry;7007036557;;
Biochemistry;7007057191;;
Biochemistry;7101642461;;
Biochemistry;7101716736;56235064700;
Biochemistry;7101729537;57143875000;
Biochemistry;7101750236;;
Biochemistry;7101768460;;
Biochemistry;7101844846;55543936900;
Biochemistry;7101908849;;
Biochemistry;7101999241;56890671200;
Biochemistry;7102047573;;
Biochemistry;7102049060;36784460900;36784460900
Biochemistry;7102053368;;
Biochemistry;7102063618;;
Biochemistry;7102149363;56214653800;
Biochemistry;7102245158;57072876700;
Biochemistry;7102275947;;
Biochemistry;7102295904;;
Biochemistry;7102508901;46361343400;46361343400
Biochemistry;7102610686;;
Biochemistry;7102622973;56374178400;56374178400
Biochemistry;7102754775;;
Biochemistry;7102774242;56406957400;
Biochemistry;7102786105;;
Biochemistry;7102832519;;
Biochemistry;7102893405;;
Biochemistry;7102911752;35235727300;35235727300
Biochemistry;7102931078;56238765200;56238765200
Biochemistry;7102949800;56769206200;56769206200
Biochemistry;7103012985;56675489000;
Biochemistry;7103095636;;
Biochemistry;7103152962;57189457697;57189457697
Biochemistry;7201390335;;
Biochemistry;7201449996;56797532800;
Biochemistry;7201698392;56599956100;
Biochemistry;7201894219;;
Biochemistry;7202118011;57185030700;57185030700
Biochemistry;7202399692;;
Biochemistry;7202623472;56833680300;56833680300
Biochemistry;7401655156;;
Biochemistry;7402015578;56257875900;
Biochemistry;7402238251;56006902900;56006902900
Biochemistry;7402605201;;
Biochemistry;7402909435;;
Biochemistry;7403413176;57189005130;
Biochemistry;7403665956;56413872100;56413872100
Biochemistry;7404964958;;
Biochemistry;7406226290;;
Biochemistry;14833033100;;
Biochemistry;15733878000;;
Biochemistry;16061165600;;
Biochemistry;16745837600;57189450386;
Biochemistry;23064385900;7006364900;
Biochemistry;34974882800;56653127600;56653127600
Biochemistry;35370559100;;
Biochemistry;35377572700;56825298000;56825298000
Biochemistry;35377910100;56542504700;
Biochemistry;35414776900;56834903900;
Biochemistry;35474391200;56769176500;56769176500
Biochemistry;35476692900;55669605700;55669605700
Biochemistry;35478412400;;
Biochemistry;35509217100;56011652800;
Biochemistry;35517576600;;
Biochemistry;35549364300;;
Biochemistry;35562081300;;
Biochemistry;35562130300;;
Biochemistry;35582203400;;
Biochemistry;36050480000;56678970100;
Biochemistry;55416952400;7201869531;
Biochemistry;55905660400;;
Biochemistry;56212491000;;
Biochemistry;7102191648;;
Biochemistry;7103349740;55142859600;
Biochemistry;7005783093;;
Biochemistry;;;
Biochemistry;;;
Biochemistry;;;
Biochemistry;;;
Biochemistry;;;
Biochemistry;;;
Biochemistry;;;
Biochemistry;;;
Biochemistry;;;
Biochemistry;;;
Biochemistry;;;
Biochemistry;;;
Biochemistry;;;
Biochemistry;;;
Biochemistry;;;
Biochemistry;;;
Biochemistry;;;
Biochemistry;;;
Biochemistry;;;
Biochemistry;;;
Biochemistry;;;
Biophysics and Computational Biology;7004084109;;
Biophysics and Computational Biology;7004146463;56821442000;56821442000
Biophysics and Computational Biology;7004688477;;
Biophysics and Computational Biology;7004981115;;
Biophysics and Computational Biology;7005069491;;
Biophysics and Computational Biology;7005109710;;
Biophysics and Computational Biology;7005129740;56748771000;
Biophysics and Computational Biology;7005158223;55128079000;
Biophysics and Computational Biology;7005457249;;
Biophysics and Computational Biology;7005711796;;
Biophysics and Computational Biology;7005855921;8774844400;
Biophysics and Computational Biology;7005968008;;
Biophysics and Computational Biology;7006123948;;
Biophysics and Computational Biology;7006137434;;
Biophysics and Computational Biology;7006197433;;
Biophysics and Computational Biology;7006271818;;
Biophysics and Computational Biology;7006280508;55322748200;
Biophysics and Computational Biology;7006470104;;
Biophysics and Computational Biology;7006605578;36880565500;
Biophysics and Computational Biology;7006724588;;
Biophysics and Computational Biology;7006811264;56835286400;56835286400
Biophysics and Computational Biology;7006840601;57054003000;
Biophysics and Computational Biology;7006856541;;
Biophysics and Computational Biology;7006990633;;
Biophysics and Computational Biology;7007185376;55890163500;
Biophysics and Computational Biology;7101638217;;
Biophysics and Computational Biology;7102582515;57117395400;
Biophysics and Computational Biology;7102614881;;
Biophysics and Computational Biology;7102652722;56862947700;
Biophysics and Computational Biology;7102686277;36819197700;36819197700
Biophysics and Computational Biology;7102726598;35982325000;35982325000
Biophysics and Computational Biology;7102779045;;
Biophysics and Computational Biology;7103274340;56773657200;
Biophysics and Computational Biology;7103290898;56665214500;
Biophysics and Computational Biology;7103319400;;
Biophysics and Computational Biology;7103367295;;
Biophysics and Computational Biology;7201856564;;
Biophysics and Computational Biology;7202075811;55743722100;
Biophysics and Computational Biology;7202894768;36748301000;
Biophysics and Computational Biology;7203014287;57189333098;
Biophysics and Computational Biology;7402396725;;
Biophysics and Computational Biology;7402409226;55763795290;55763795290
Biophysics and Computational Biology;7402648087;56217369000;
Biophysics and Computational Biology;7402667725;57183619600;
Biophysics and Computational Biology;7403342673;55950874500;
Biophysics and Computational Biology;7403684759;56826635000;
Biophysics and Computational Biology;7404316832;;
Biophysics and Computational Biology;16058072000;;
Biophysics and Computational Biology;19434183500;56513376800;
Biophysics and Computational Biology;24547968800;;
Biophysics and Computational Biology;34769915600;;
Biophysics and Computational Biology;35233140900;56647706500;
Biophysics and Computational Biology;35355170400;56825281300;
Biophysics and Computational Biology;35355628400;56777183400;
Biophysics and Computational Biology;35450639400;;
Biophysics and Computational Biology;35467243800;56514708200;
Biophysics and Computational Biology;35493082200;56827172300;56827172300
Biophysics and Computational Biology;35501730000;;
Biophysics and Computational Biology;35561132800;;
Biophysics and Computational Biology;35598255500;;
Biophysics and Computational Biology;36041539000;;
Biophysics and Computational Biology;36043863300;56770796100;
Biophysics and Computational Biology;36050413200;6602550119;6602550119
Biophysics and Computational Biology;36077087100;;
Biophysics and Computational Biology;36811507300;7102503667;7102503667
Biophysics and Computational Biology;55629225600;56489958300;56489958300
Biophysics and Computational Biology;;;
Biophysics and Computational Biology;7102753373;36770790100;
Biophysics and Computational Biology;;;
Biophysics and Computational Biology;;;
Biophysics and Computational Biology;;;
Biophysics and Computational Biology;;;
Biophysics and Computational Biology;;;
Biophysics and Computational Biology;;;
Biophysics and Computational Biology;;;
Biophysics and Computational Biology;16061026900;55408507400;
Biophysics and Computational Biology;35599984200;;
Biophysics and Computational Biology;;;
Biophysics and Computational Biology;;;
Biophysics and Computational Biology;7402781853;;
Biophysics and Computational Biology;55480070200;;
Biophysics and Computational Biology;;;
Biophysics and Computational Biology;;;
Cellular and Developmental Biology;6603712893;;
Cellular and Developmental Biology;7004573250;;
Cellular and Developmental Biology;7005017699;;
Cellular and Developmental Biology;7005191048;;
Cellular and Developmental Biology;7005245025;;
Cellular and Developmental Biology;7005336776;;
Cellular and Developmental Biology;7005403321;;
Cellular and Developmental Biology;7005408553;;
Cellular and Developmental Biology;7005560284;56966342200;56966342200
Cellular and Developmental Biology;7005625785;;
Cellular and Developmental Biology;7005646899;;
Cellular and Developmental Biology;7005667015;24359829600;
Cellular and Developmental Biology;7005919223;;
Cellular and Developmental Biology;7005973156;;
Cellular and Developmental Biology;7006071245;;
Cellular and Developmental Biology;7006153063;;
Cellular and Developmental Biology;7006200341;;
Cellular and Developmental Biology;7006432036;;
Cellular and Developmental Biology;7006548001;;
Cellular and Developmental Biology;7006767803;57188951280;57188951280
Cellular and Developmental Biology;7007088075;;
Cellular and Developmental Biology;7101751075;;
Cellular and Developmental Biology;7101943017;;
Cellular and Developmental Biology;7102048818;;
Cellular and Developmental Biology;7102057697;36865190700;36865190700
Cellular and Developmental Biology;7102160821;56759573400;
Cellular and Developmental Biology;7102314996;;
Cellular and Developmental Biology;7102369542;56363409700;
Cellular and Developmental Biology;7102414405;;
Cellular and Developmental Biology;7102434895;56016331000;
Cellular and Developmental Biology;7102448718;;
Cellular and Developmental Biology;7102583337;55763795267;
Cellular and Developmental Biology;7102602655;6701629902;
Cellular and Developmental Biology;7102671076;55266782700;55266782700
Cellular and Developmental Biology;7102932049;56827268600;56827268600
Cellular and Developmental Biology;7102977003;;
Cellular and Developmental Biology;7103070907;;
Cellular and Developmental Biology;7103163000;;
Cellular and Developmental Biology;7103197040;36842980500;
Cellular and Developmental Biology;7103209478;35838059200;35838059200
Cellular and Developmental Biology;7103239899;;
Cellular and Developmental Biology;7103397836;56884108300;
Cellular and Developmental Biology;7103403500;;
Cellular and Developmental Biology;7103410472;56595699800;
Cellular and Developmental Biology;7103414000;;
Cellular and Developmental Biology;7201691583;16424521900;
Cellular and Developmental Biology;7202131266;7202131236;7202131236
Cellular and Developmental Biology;7202312374;;
Cellular and Developmental Biology;7203057183;;
Cellular and Developmental Biology;7402091566;8257021000;
Cellular and Developmental Biology;7402481860;56497472600;56497472600
Cellular and Developmental Biology;7404473866;57187530100;
Cellular and Developmental Biology;7404678618;56354645900;
Cellular and Developmental Biology;7406854908;56621743500;
Cellular and Developmental Biology;10240780700;56637974200;
Cellular and Developmental Biology;16742547900;;
Cellular and Developmental Biology;23047051600;56522543500;56522543500
Cellular and Developmental Biology;26643391800;;
Cellular and Developmental Biology;35230767000;;
Cellular and Developmental Biology;35392915000;57029245300;
Cellular and Developmental Biology;35393950100;;
Cellular and Developmental Biology;35394495300;;
Cellular and Developmental Biology;35396515200;56810688600;
Cellular and Developmental Biology;35428744700;;
Cellular and Developmental Biology;35432816600;;
Cellular and Developmental Biology;35445284300;56823136800;56823136800
Cellular and Developmental Biology;35461686200;55663089800;55663089800
Cellular and Developmental Biology;35468097500;56606791200;
Cellular and Developmental Biology;35492390500;56910881600;
Cellular and Developmental Biology;35493597200;;
Cellular and Developmental Biology;35594209900;57117401600;
Cellular and Developmental Biology;35601298800;56681378500;56681378500
Cellular and Developmental Biology;35781962200;56594316500;
Cellular and Developmental Biology;35974731700;55728250600;
Cellular and Developmental Biology;36050903500;55822964592;
Cellular and Developmental Biology;36836475300;;
Cellular and Developmental Biology;55663955500;7102027059;
Cellular and Developmental Biology;55666730300;56463739100;56463739100
Cellular and Developmental Biology;55702580400;;
Cellular and Developmental Biology;55965291100;57074513500;
Cellular and Developmental Biology;7201506334;;
Cellular and Developmental Biology;35430047100;;
Cellular and Developmental Biology;;;
Cellular and Developmental Biology;;;
Cellular and Developmental Biology;35428622100;;
Cellular and Developmental Biology;;;
Cellular and Developmental Biology;55511897900;;
Cellular and Developmental Biology;;;
Cellular and Developmental Biology;;;
Cellular and Developmental Biology;56036084600;;
Cellular and Developmental Biology;26643364000;;
Cellular and Developmental Biology;35477394500;56810158600;
Cellular and Developmental Biology;;;
Cellular and Developmental Biology;7101733795;55684182200;
Cellular and Developmental Biology;55710443700;56904341900;56904341800
Cellular and Developmental Biology;;;
Cellular and Developmental Biology;;;
Cellular and Developmental Biology;35403481000;;
Cellular and Developmental Biology;7103412555;;
Cellular and Developmental Biology;;;
Cellular and Developmental Biology;;;
Cellular and Developmental Biology;;;
Cellular and Developmental Biology;;;
Cellular and Developmental Biology;;;
Cellular and Developmental Biology;;;
Cellular and Molecular Neuroscience;6603981015;;
Cellular and Molecular Neuroscience;6701388717;;
Cellular and Molecular Neuroscience;7003968136;56809041600;
Cellular and Molecular Neuroscience;7004206541;;
Cellular and Molecular Neuroscience;7004780999;;
Cellular and Molecular Neuroscience;7005147663;57181698000;
Cellular and Molecular Neuroscience;7005218070;56833943600;56833943600
Cellular and Molecular Neuroscience;7005404907;55799044800;55799044800
Cellular and Molecular Neuroscience;7005568322;;
Cellular and Molecular Neuroscience;7005637812;;
Cellular and Molecular Neuroscience;7005667943;57189586002;
Cellular and Molecular Neuroscience;7005725552;56827420800;56827420800
Cellular and Molecular Neuroscience;7005756760;;
Cellular and Molecular Neuroscience;7005796904;56810792800;
Cellular and Molecular Neuroscience;7006112313;;
Cellular and Molecular Neuroscience;7006147605;;
Cellular and Molecular Neuroscience;7006305680;;
Cellular and Molecular Neuroscience;7006311892;56757860100;
Cellular and Molecular Neuroscience;7006556935;24285847400;
Cellular and Molecular Neuroscience;7006659812;;
Cellular and Molecular Neuroscience;7006764140;;
Cellular and Molecular Neuroscience;7006787010;56864122600;
Cellular and Molecular Neuroscience;7101609683;;
Cellular and Molecular Neuroscience;7101618554;56579868200;
Cellular and Molecular Neuroscience;7101633365;57188997078;
Cellular and Molecular Neuroscience;7101711544;;
Cellular and Molecular Neuroscience;7101941408;;
Cellular and Molecular Neuroscience;7101961769;;
Cellular and Molecular Neuroscience;7101985110;;
Cellular and Molecular Neuroscience;7102095308;56773656200;56773656200
Cellular and Molecular Neuroscience;7102143896;56257227600;
Cellular and Molecular Neuroscience;7102435048;56803361300;56803361300
Cellular and Molecular Neuroscience;7102614718;36893870800;
Cellular and Molecular Neuroscience;7102667707;;
Cellular and Molecular Neuroscience;7103018905;;
Cellular and Molecular Neuroscience;7103165962;;
Cellular and Molecular Neuroscience;7103255455;56799141000;56799141000
Cellular and Molecular Neuroscience;7103290939;;
Cellular and Molecular Neuroscience;7103319256;56220403500;
Cellular and Molecular Neuroscience;7103385731;;
Cellular and Molecular Neuroscience;7103413852;57188628027;
Cellular and Molecular Neuroscience;7201706839;56642388000;56642388000
Cellular and Molecular Neuroscience;7202269307;56810497700;
Cellular and Molecular Neuroscience;7202608621;55453353700;55453353700
Cellular and Molecular Neuroscience;7402170545;;
Cellular and Molecular Neuroscience;25635204100;56757836400;
Cellular and Molecular Neuroscience;26643558800;36869078900;
Cellular and Molecular Neuroscience;35290994500;57141319500;
Cellular and Molecular Neuroscience;35370656500;57014485300;57014485300
Cellular and Molecular Neuroscience;35406091300;;
Cellular and Molecular Neuroscience;35418589300;56761023700;56761023700
Cellular and Molecular Neuroscience;35448344600;56452584800;56452584800
Cellular and Molecular Neuroscience;35461749200;56760662900;
Cellular and Molecular Neuroscience;35474583200;56775832400;
Cellular and Molecular Neuroscience;35497236100;;
Cellular and Molecular Neuroscience;35498111700;;
Cellular and Molecular Neuroscience;35582358400;;
Cellular and Molecular Neuroscience;36037235400;19633241800;
Cellular and Molecular Neuroscience;36046872900;56491436800;
Cellular and Molecular Neuroscience;54385991700;;
Cellular and Molecular Neuroscience;55485761700;7005493194;7005493194
Cellular and Molecular Neuroscience;56256819700;56373106200;
Cellular and Molecular Neuroscience;;;
Cellular and Molecular Neuroscience;;;
Cellular and Molecular Neuroscience;36050698100;56036782400;
Cellular and Molecular Neuroscience;35482145500;;
Cellular and Molecular Neuroscience;;;
Cellular and Molecular Neuroscience;;;
Cellular and Molecular Neuroscience;;;
Cellular and Molecular Neuroscience;;;
Cellular and Molecular Neuroscience;56238621900;;
Cellular and Molecular Neuroscience;7006342144;56213254400;
Cellular and Molecular Neuroscience;;;
Chemistry;6602711122;;
Chemistry;6603677388;56902357000;
Chemistry;6603774475;;
Chemistry;6701679294;;
Chemistry;6701925873;;
Chemistry;7003275343;;
Chemistry;7003331828;;
Chemistry;7003345051;;
Chemistry;7003526286;;
Chemistry;7003607346;;
Chemistry;7003682121;;
Chemistry;7003741377;;
Chemistry;7003766433;;
Chemistry;7003854511;;
Chemistry;7004097937;56958972400;
Chemistry;7004283120;;
Chemistry;7004407759;;
Chemistry;7004501189;;
Chemistry;7004505104;;
Chemistry;7004663350;55728960800;55728960800
Chemistry;7004914740;56357197600;
Chemistry;7004976399;;
Chemistry;7005090218;;
Chemistry;7005124253;34867754600;34867754600
Chemistry;7005127142;;
Chemistry;7005231514;;
Chemistry;7005285481;55798229300;
Chemistry;7005371937;36839582600;
Chemistry;7005451318;56401632400;56401632400
Chemistry;7005517781;56684618100;
Chemistry;7005700076;56827595100;
Chemistry;7005738553;57042950400;57042950400
Chemistry;7005861575;;
Chemistry;7005921099;;
Chemistry;7005959235;;
Chemistry;7005973877;55391419800;
Chemistry;7005977458;;
Chemistry;7006150951;;
Chemistry;7006198596;56855698100;
Chemistry;7006221595;;
Chemistry;7006230488;56691883500;
Chemistry;7006256007;;
Chemistry;7006267192;;
Chemistry;7006393695;56897713400;
Chemistry;7006416948;;
Chemistry;7006435915;;
Chemistry;7006491073;;
Chemistry;7006561059;;
Chemistry;7006575230;;
Chemistry;7006603011;;
Chemistry;7006629956;;
Chemistry;7006858185;;
Chemistry;7006909921;;
Chemistry;7007001535;56978108500;
Chemistry;7101657279;;
Chemistry;7101711278;;
Chemistry;7101734162;;
Chemistry;7101758651;6506485052;6506485052
Chemistry;7101779281;;
Chemistry;7101912629;57189571352;
Chemistry;7101921433;56869770100;
Chemistry;7101957211;;
Chemistry;7102088807;57189072278;
Chemistry;7102264501;56240146000;
Chemistry;7102386745;56758595600;56758595600
Chemistry;7102442791;57189039590;57189039590
Chemistry;7102568965;57189035995;
Chemistry;7102715711;56706595700;
Chemistry;7102753327;56963456400;56963456400
Chemistry;7102788963;55311946800;
Chemistry;7102842279;;
Chemistry;7102859536;;
Chemistry;7103003073;55854866300;
Chemistry;7103053292;56864014300;56864014300
Chemistry;7103104771;;
Chemistry;7103111718;;
Chemistry;7103255224;57189085822;
Chemistry;7103282536;;
Chemistry;7103312446;;
Chemistry;7103400582;55218703000;55218703000
Chemistry;7201703748;56365963200;
Chemistry;7202089008;57189041578;
Chemistry;7202106513;57055025100;
Chemistry;7202416287;;
Chemistry;7202462172;55551196700;
Chemistry;7202492923;55833453600;
Chemistry;7202684747;;
Chemistry;7202722448;;
Chemistry;7202725969;56513317600;56513317600
Chemistry;7202753682;;
Chemistry;7202925243;;
Chemistry;7202985952;36148573600;36148573600
Chemistry;7203006584;;
Chemistry;7203016554;;
Chemistry;7401764020;;
Chemistry;7401822044;7401822102;
Chemistry;7401905066;;
Chemistry;7402084239;;
Chemistry;7402237753;56662728800;
Chemistry;7402273276;;
Chemistry;7403157589;;
Chemistry;7403872076;;
Chemistry;12795085000;7403089265;
Chemistry;15068240100;55824194500;
Chemistry;15132101700;56451297700;
Chemistry;16026450200;56276130300;
Chemistry;16048732900;56431363100;
Chemistry;16177772600;55636319519;55636319519
Chemistry;18539304700;;
Chemistry;24355215500;56465494200;56465494200
Chemistry;24443481400;;
Chemistry;24540048000;55733582500;
Chemistry;26643052000;;
Chemistry;35291346300;55893189800;
Chemistry;35350527400;;
Chemistry;35355951800;56863981600;
Chemistry;35396886300;57089891200;
Chemistry;35398051200;;
Chemistry;35399501300;56219188000;
Chemistry;35411190100;56542664400;56542664400
Chemistry;35419333100;57189529895;
Chemistry;35431416600;55992349400;
Chemistry;35432674300;57189587024;
Chemistry;35447200300;56833419600;
Chemistry;35448701100;;
Chemistry;35458316000;;
Chemistry;35459167700;56866863500;56866863500
Chemistry;35460200100;;
Chemistry;35473361700;56497584500;
Chemistry;35473511600;;
Chemistry;35473804100;;
Chemistry;35474728700;57147070700;
Chemistry;35493196700;;
Chemistry;35494639600;57189506910;
Chemistry;35495030200;;
Chemistry;35496173400;;
Chemistry;35498524400;57189072320;57189072320
Chemistry;35502069800;;
Chemistry;35515705800;55223752900;
Chemistry;35517983900;;
Chemistry;35518311300;;
Chemistry;35546200500;56261615000;56261615000
Chemistry;35549943400;;
Chemistry;35551135800;;
Chemistry;35556124300;;
Chemistry;35558693700;;
Chemistry;35846955100;26425532500;
Chemistry;36038210900;56411677100;
Chemistry;36038258500;;
Chemistry;36039005700;;
Chemistry;36042196400;;
Chemistry;36042306800;56465503500;56465503500
Chemistry;36043522100;;
Chemistry;36045924000;57038097700;
Chemistry;36046187600;;
Chemistry;36047111100;;
Chemistry;36047173900;56398592300;
Chemistry;36047602600;57030630300;57030630300
Chemistry;36050113100;;
Chemistry;36051219100;;
Chemistry;36051242000;;
Chemistry;36830077600;;
Chemistry;55077350600;56990745800;
Chemistry;55089588600;7402870138;7402870138
Chemistry;55434287500;56206774000;56206774000
Chemistry;55663325000;;
Chemistry;55711979600;;
Chemistry;56091532400;;
Chemistry;56214226500;;
Chemistry;56223312900;23021485200;
Chemistry;56232390900;;
Chemistry;56251064600;7005155526;
Chemistry;56254253200;;
Chemistry;56265809500;7101710770;
Chemistry;56605567400;56808205900;
Chemistry;56850553600;56908879100;
Chemistry;;;
Chemistry;;;
Chemistry;;;
Chemistry;;;
Chemistry;;;
Chemistry;;;
Chemistry;;;
Chemistry;;;
Chemistry;;;
Chemistry;;;
Chemistry;;;
Chemistry;;;
Chemistry;;;
Chemistry;;;
Chemistry;;;
Chemistry;;;
Chemistry;;;
Chemistry;;;
Chemistry;;;
Chemistry;;;
Chemistry;;;
Chemistry;;;
Chemistry;;;
Chemistry;;;
Chemistry;;;
Chemistry;;;
Chemistry;;;
Chemistry;;;
Chemistry;;;
Environmental Sciences and Ecology;6701631227;;
Environmental Sciences and Ecology;7003418649;57189284033;36903407600
Environmental Sciences and Ecology;7003503904;;
Environmental Sciences and Ecology;7003705484;;
Environmental Sciences and Ecology;7003849481;55066180300;
Environmental Sciences and Ecology;7003851161;;
Environmental Sciences and Ecology;7003885172;56972352300;
Environmental Sciences and Ecology;7003959015;;
Environmental Sciences and Ecology;7004027377;;
Environmental Sciences and Ecology;7004128879;;
Environmental Sciences and Ecology;7004222705;;
Environmental Sciences and Ecology;7004469735;;
Environmental Sciences and Ecology;7004904829;56985598800;
Environmental Sciences and Ecology;7005020351;56525412000;56733120500
Environmental Sciences and Ecology;7005090881;;
Environmental Sciences and Ecology;7005175455;56781166100;
Environmental Sciences and Ecology;7005360614;;
Environmental Sciences and Ecology;7005363686;;
Environmental Sciences and Ecology;7005457922;;
Environmental Sciences and Ecology;7005554445;56248056800;
Environmental Sciences and Ecology;7005624522;;
Environmental Sciences and Ecology;7005643917;56637922600;56654907600
Environmental Sciences and Ecology;7005653835;;
Environmental Sciences and Ecology;7005853435;;
Environmental Sciences and Ecology;7005958495;36891388900;
Environmental Sciences and Ecology;7006021743;;
Environmental Sciences and Ecology;7006334079;;
Environmental Sciences and Ecology;7006344866;56972363400;
Environmental Sciences and Ecology;7006663244;56884134400;
Environmental Sciences and Ecology;7006677714;57159031100;57078104800
Environmental Sciences and Ecology;7006743972;55230484300;56943882500
Environmental Sciences and Ecology;7006838628;;
Environmental Sciences and Ecology;7006857631;36790966900;
Environmental Sciences and Ecology;7007033191;36730617300;56761951800
Environmental Sciences and Ecology;7007163910;;
Environmental Sciences and Ecology;7007168833;;
Environmental Sciences and Ecology;7101963320;57165506500;56367341800
Environmental Sciences and Ecology;7102066667;56765297500;
Environmental Sciences and Ecology;7102086270;55230516700;
Environmental Sciences and Ecology;7102102550;;
Environmental Sciences and Ecology;7102180766;23966774100;55954484700
Environmental Sciences and Ecology;7102193955;56353482100;55665919000
Environmental Sciences and Ecology;7102334551;;
Environmental Sciences and Ecology;7102581412;57023326000;
Environmental Sciences and Ecology;7102584170;55410580800;
Environmental Sciences and Ecology;7103081525;55726950000;55196538500
Environmental Sciences and Ecology;7103163030;;
Environmental Sciences and Ecology;7103178276;56884016800;56769094000
Environmental Sciences and Ecology;7103192491;55387393900;
Environmental Sciences and Ecology;7202155374;57189016323;
Environmental Sciences and Ecology;7202281109;57118943600;
Environmental Sciences and Ecology;7202432336;56608741700;56690682000
Environmental Sciences and Ecology;7202882258;56273289000;25825520400
Environmental Sciences and Ecology;7202929369;55362960800;56457496200
Environmental Sciences and Ecology;7203000370;54934550400;35168802300
Environmental Sciences and Ecology;7402634357;24287443300;
Environmental Sciences and Ecology;7403111134;;
Environmental Sciences and Ecology;7403215651;56784938300;56153844100
Environmental Sciences and Ecology;7403376264;56465337300;
Environmental Sciences and Ecology;7404851102;;
Environmental Sciences and Ecology;7409452001;57189468506;
Environmental Sciences and Ecology;23081394300;56583688000;
Environmental Sciences and Ecology;24754644000;;
Environmental Sciences and Ecology;26643470900;56958906400;56482737300
Environmental Sciences and Ecology;35458713600;57189063940;
Environmental Sciences and Ecology;35491355700;;
Environmental Sciences and Ecology;35562942800;;
Environmental Sciences and Ecology;35597705900;57189448986;
Environmental Sciences and Ecology;55630395300;57104508700;56985311500
Environmental Sciences and Ecology;56522583600;;
Environmental Sciences and Ecology;;;
Environmental Sciences and Ecology;;;
Environmental Sciences and Ecology;;;
Evolutionary Biology;6602190843;;
Evolutionary Biology;6602621324;;
Evolutionary Biology;6603828239;;
Evolutionary Biology;7003554118;;
Evolutionary Biology;7003647445;57189586614;
Evolutionary Biology;7004196788;;
Evolutionary Biology;7004203055;57031545200;57031545200
Evolutionary Biology;7004482758;;
Evolutionary Biology;7004891142;;
Evolutionary Biology;7005079511;;
Evolutionary Biology;7005224338;;
Evolutionary Biology;7005626554;;
Evolutionary Biology;7005698314;56783822200;56783822200
Evolutionary Biology;7005715910;;
Evolutionary Biology;7005922278;36974593700;36974593700
Evolutionary Biology;7005966607;57078098000;
Evolutionary Biology;7006151134;;
Evolutionary Biology;7006157182;;
Evolutionary Biology;7006165541;;
Evolutionary Biology;7006291287;;
Evolutionary Biology;7006511894;;
Evolutionary Biology;7006820006;;
Evolutionary Biology;7007072284;;
Evolutionary Biology;7101616327;56653968300;56653968300
Evolutionary Biology;7102222781;;
Evolutionary Biology;7102652269;7102652273;
Evolutionary Biology;7103179071;56828944500;
Evolutionary Biology;7103226925;;
Evolutionary Biology;7103299782;56428593400;
Evolutionary Biology;7201476366;56988633300;56988633300
Evolutionary Biology;7201482255;57045414300;
Evolutionary Biology;7401592985;7401593341;
Evolutionary Biology;7401614352;56526101600;56526101600
Evolutionary Biology;7401900159;56454779800;
Evolutionary Biology;7403309625;;
Evolutionary Biology;7403923658;56415156000;
Evolutionary Biology;7404479646;;
Evolutionary Biology;7406096187;56535591800;56535591800
Evolutionary Biology;16040160500;;
Evolutionary Biology;23045968300;;
Evolutionary Biology;23990592000;;
Evolutionary Biology;35237661200;;
Evolutionary Biology;35291414600;18343357300;
Evolutionary Biology;35408165100;57189253925;
Evolutionary Biology;35429106600;56486917500;56486917500
Evolutionary Biology;35585540400;;
Evolutionary Biology;36067232700;;
Evolutionary Biology;55531736400;7202985938;
Evolutionary Biology;55543928200;57111368900;
Evolutionary Biology;55554747400;;
Evolutionary Biology;56230636400;;
Evolutionary Biology;56234012400;7102721093;7102721093
Evolutionary Biology;56259567100;7201956353;7201956353
Evolutionary Biology;;;
Evolutionary Biology;;;
Evolutionary Biology;;;
Evolutionary Biology;;;
Genetics;6701837141;;
Genetics;7003281953;;
Genetics;7003370546;;
Genetics;7003465943;36896114300;36896114300
Genetics;7003865208;;
Genetics;7003938241;;
Genetics;7003989423;55294413700;
Genetics;7004082421;36718919700;36718919700
Genetics;7004145559;56884271200;
Genetics;7004199869;;
Genetics;7004991783;;
Genetics;7005061512;56680034200;
Genetics;7005093380;57132391400;
Genetics;7005093617;;
Genetics;7005211049;;
Genetics;7005221713;56759669500;
Genetics;7005251935;;
Genetics;7005351093;;
Genetics;7005418407;;
Genetics;7005436796;;
Genetics;7005572962;56827448800;
Genetics;7005639632;;
Genetics;7005644637;;
Genetics;7005726586;;
Genetics;7005728566;;
Genetics;7005736188;;
Genetics;7005842119;;
Genetics;7005914116;;
Genetics;7006171294;;
Genetics;7006210597;57093420800;
Genetics;7006291856;;
Genetics;7006428193;;
Genetics;7006611113;;
Genetics;7006653082;;
Genetics;7006685053;56686841700;
Genetics;7006794016;;
Genetics;7006858332;;
Genetics;7007006983;56884140400;
Genetics;7007025144;;
Genetics;7007068300;;
Genetics;7101853111;;
Genetics;7101924631;55412477800;
Genetics;7102060255;36906456200;
Genetics;7102127613;;
Genetics;7102206342;;
Genetics;7102268888;8921837600;
Genetics;7102319481;35548889100;
Genetics;7102570207;55763795272;55763795272
Genetics;7102711191;56759524500;56759524500
Genetics;7102919472;;
Genetics;7103019722;;
Genetics;7103166151;;
Genetics;7103251692;56011684900;56011684900
Genetics;7103265486;;
Genetics;7103290239;;
Genetics;7103291299;;
Genetics;7103314575;35605425800;
Genetics;7201409318;36818042000;
Genetics;7201686445;;
Genetics;7202252250;57171592800;
Genetics;7202301077;;
Genetics;7202533035;56494123000;
Genetics;7401448589;;
Genetics;7401718282;7401719041;
Genetics;7401720613;;
Genetics;7401932626;56949759200;
Genetics;7402265430;56645746400;56645746400
Genetics;7402389867;;
Genetics;7403124492;56669269700;
Genetics;7403886720;57161795100;
Genetics;7404155667;55458295100;
Genetics;7404379284;;
Genetics;7404410395;;
Genetics;7404580051;56984951300;
Genetics;7410324118;;
Genetics;10240869900;57188991005;
Genetics;16533189200;36847995700;
Genetics;20634969200;57040663800;
Genetics;23496434600;56953383500;
Genetics;26425843500;55046811800;
Genetics;26643032700;;
Genetics;26643211400;;
Genetics;26643320800;;
Genetics;26643462000;56011683400;56011683400
Genetics;35379887700;56982463800;
Genetics;35498925900;;
Genetics;35511857300;;
Genetics;55665818500;37114415400;
Genetics;55950261200;57072376800;
Genetics;56259446500;;
Genetics;56919962600;56921022100;56921022100
Genetics;;;
Genetics;;;
Genetics;55445771400;;
Genetics;;;
Genetics;35476774500;56390492900;
Genetics;36012646500;54943729100;56686248200
Genetics;;;
Genetics;;;
Genetics;;;
Genetics;;;
Genetics;;;
Genetics;;;
Genetics;;;
Genetics;;;
Genetics;;;
Genetics;7007164170;;
Genetics;;;
Genetics;;;
Geology;6603948895;;
Geology;6701567336;;
Geology;6701688672;;
Geology;6701758482;;
Geology;7003672418;;
Geology;7003726953;;
Geology;7003836894;6507209434;
Geology;7003921440;56985739400;
Geology;7003965869;;
Geology;7003986769;;
Geology;7004377822;;
Geology;7004425855;55624230600;
Geology;7004432731;;
Geology;7004439556;;
Geology;7004465618;;
Geology;7004499472;;
Geology;7004963587;56727820100;
Geology;7004988230;;
Geology;7005093524;56259813800;
Geology;7005105686;;
Geology;7005231293;;
Geology;7005316595;;
Geology;7005427463;;
Geology;7005619597;;
Geology;7005630138;;
Geology;7005713578;;
Geology;7005748958;55665462700;55665462700
Geology;7006057137;;
Geology;7006078093;;
Geology;7006122908;57086133000;
Geology;7006148763;;
Geology;7006220492;;
Geology;7006368682;;
Geology;7006372231;;
Geology;7006566037;;
Geology;7006950720;;
Geology;7007047013;;
Geology;7007050953;;
Geology;7101977125;;
Geology;7102155057;;
Geology;7102250655;56730067400;56730067400
Geology;7102588971;56865515700;
Geology;7102593622;;
Geology;7102698674;;
Geology;7102864110;;
Geology;7102890604;;
Geology;7103076532;;
Geology;7103224697;57038128500;57038128500
Geology;7103247919;;
Geology;7201810208;56457651700;56457651700
Geology;7201972306;56722811700;
Geology;7202552559;56720878500;56720878500
Geology;7202598990;57020827100;
Geology;7401495073;;
Geology;7402266440;36789606000;
Geology;7403057795;55725728900;
Geology;7403077001;57188715991;
Geology;7403205957;;
Geology;7403235399;56865225000;
Geology;7403298210;;
Geology;7403485776;;
Geology;7403729580;;
Geology;7403978616;57188951047;
Geology;8728475800;;
Geology;23006567200;;
Geology;23047771800;;
Geology;23053716600;;
Geology;24368009800;57169762900;57169762900
Geology;25955758700;56501443000;56501443000
Geology;26033264900;;
Geology;34975062300;56248037100;
Geology;35223185900;;
Geology;35392647700;56432315100;
Geology;35407525100;;
Geology;35493743100;56914768500;56914768500
Geology;35555747700;56553805600;
Geology;35564162500;;
Geology;35568638900;56485167300;
Geology;35594143600;;
Geology;36897713900;;
Geology;55462785800;7404756560;
Geology;55520352000;;
Geology;55566408000;7201796650;
Geology;55616810500;;
Geology;;;
Geology;;;
Geology;;;
Geology;;;
Geology;;;
Geology;;;
Geology;;;
Geology;;;
Geology;;;
Geology;;;
Geology;;;
Geophysics;6602119942;;
Geophysics;6603779665;;
Geophysics;6603860594;;
Geophysics;6701443253;55194991400;
Geophysics;6701836704;;
Geophysics;7003434214;36171787300;36171787300
Geophysics;7003515591;;
Geophysics;7003632154;;
Geophysics;7003830710;;
Geophysics;7003879109;;
Geophysics;7004186372;;
Geophysics;7004422663;;
Geophysics;7004454737;;
Geophysics;7004467468;;
Geophysics;7004875960;;
Geophysics;7004935827;56140437600;
Geophysics;7005033064;;
Geophysics;7005182766;55682653819;55682653819
Geophysics;7005395526;;
Geophysics;7005414868;57189453721;
Geophysics;7005548544;57043106500;
Geophysics;7005667768;;
Geophysics;7005713870;56946492900;
Geophysics;7005725336;;
Geophysics;7005808242;;
Geophysics;7005897399;;
Geophysics;7005907476;;
Geophysics;7006103811;56804609500;56804609500
Geophysics;7006158265;;
Geophysics;7006173230;;
Geophysics;7006184606;36841683900;
Geophysics;7006248174;;
Geophysics;7006250349;;
Geophysics;7006274990;;
Geophysics;7006367524;;
Geophysics;7006609783;55727482300;
Geophysics;7006643997;;
Geophysics;7006709088;;
Geophysics;7006797602;56990822300;56990822300
Geophysics;7007019720;;
Geophysics;7007112238;55154068600;
Geophysics;7007114932;;
Geophysics;7007153701;;
Geophysics;7101959920;;
Geophysics;7102428473;;
Geophysics;7102834320;;
Geophysics;7102875645;35894341800;
Geophysics;7102959401;;
Geophysics;7201886038;;
Geophysics;7201972750;56737721100;
Geophysics;7202423458;;
Geophysics;7202733398;;
Geophysics;7401460485;56427452700;
Geophysics;7402679892;;
Geophysics;7410187861;55482710500;55482710500
Geophysics;8285351400;56669421200;
Geophysics;8331552600;;
Geophysics;13406672500;57023343100;
Geophysics;16520043600;56819306400;
Geophysics;23047834100;;
Geophysics;23079792200;56823195800;
Geophysics;35375741100;55741928500;
Geophysics;35515076500;;
Geophysics;35614191800;;
Geophysics;36884983500;7102408821;
Geophysics;55621253300;7202379395;7202379395
Geophysics;55665123200;56612794100;
Geophysics;55665212200;;
Geophysics;55950911000;56704503600;56704503600
Geophysics;56232497500;;
Geophysics;56254216800;;
Geophysics;57131366300;;
Geophysics;7406776972;;
Geophysics;55722052700;;
Geophysics;7003671961;;
Geophysics;;;
Geophysics;;;
Geophysics;;;
Geophysics;;;
Geophysics;;;
Geophysics;;;
Geophysics;;;
Geophysics;;;
Geophysics;;;
Geophysics;;;
Geophysics;;;
Geophysics;;;
Human Environmental Sciences;6602490497;;
Human Environmental Sciences;6603225504;;
Human Environmental Sciences;6603824509;57128201400;
Human Environmental Sciences;6701446144;57168595800;
Human Environmental Sciences;6701628626;;
Human Environmental Sciences;6701832746;;
Human Environmental Sciences;7003595192;;
Human Environmental Sciences;7003727116;;
Human Environmental Sciences;7003791139;56478620400;56478620400
Human Environmental Sciences;7003959711;;
Human Environmental Sciences;7004010723;;
Human Environmental Sciences;7004213761;57167657200;
Human Environmental Sciences;7004217568;;
Human Environmental Sciences;7004235384;56606328700;56606328700
Human Environmental Sciences;7004272772;;
Human Environmental Sciences;7004529142;;
Human Environmental Sciences;7004576935;;
Human Environmental Sciences;7004628271;;
Human Environmental Sciences;7005140378;;
Human Environmental Sciences;7005669439;;
Human Environmental Sciences;7005922394;57012712400;57012712400
Human Environmental Sciences;7006191947;56878673400;
Human Environmental Sciences;7006270945;;
Human Environmental Sciences;7006599903;;
Human Environmental Sciences;7202641088;;
Human Environmental Sciences;7401798690;55619314617;
Human Environmental Sciences;7403516073;56379532900;
Human Environmental Sciences;7410184308;;
Human Environmental Sciences;24174271100;;
Human Environmental Sciences;35430069600;55473056400;55473056400
Human Environmental Sciences;35725372300;;
Human Environmental Sciences;55944307900;7006438074;
Human Environmental Sciences;56256760800;;
Human Environmental Sciences;7403515520;55422300400;
Human Environmental Sciences;;;
Human Environmental Sciences;55940981700;;
Human Environmental Sciences;;;
Human Environmental Sciences;;;
Human Environmental Sciences;;;
Mathematics;6505777917;;
Mathematics;6505956080;;
Mathematics;6507978915;;
Mathematics;6601963502;;
Mathematics;6601968128;;
Mathematics;6601982455;;
Mathematics;6602119993;57153751700;57153751700
Mathematics;6602225545;;
Mathematics;6602235828;;
Mathematics;6602315764;;
Mathematics;6602334366;;
Mathematics;6602432679;;
Mathematics;6602497249;25223366900;
Mathematics;6602572026;;
Mathematics;6602574202;;
Mathematics;6602691860;;
Mathematics;6602884846;;
Mathematics;6602924986;;
Mathematics;6602982164;;
Mathematics;6603099952;57122453500;
Mathematics;6603144408;;
Mathematics;6603394692;;
Mathematics;6603476723;;
Mathematics;6603493096;;
Mathematics;6603824886;;
Mathematics;6603941287;;
Mathematics;6701404143;;
Mathematics;6701495570;;
Mathematics;6701572888;;
Mathematics;6701591697;;
Mathematics;6701606671;57189549700;
Mathematics;6701640139;14015340100;14015340100
Mathematics;7003386310;;
Mathematics;7003473917;56586965800;
Mathematics;7003511879;;
Mathematics;7003724840;;
Mathematics;7003964104;;
Mathematics;7004161989;;
Mathematics;7004169243;;
Mathematics;7004194778;;
Mathematics;7004315546;;
Mathematics;7004321187;56276154500;
Mathematics;7004341430;56212460000;56212460000
Mathematics;7004358940;;
Mathematics;7004505663;;
Mathematics;7004612121;;
Mathematics;7004652455;;
Mathematics;7004912907;;
Mathematics;7004936939;7005843928;
Mathematics;7005098749;;
Mathematics;7005174335;;
Mathematics;7005224409;;
Mathematics;7005640078;55254409300;
Mathematics;7005706958;;
Mathematics;7005720845;;
Mathematics;7005964475;56264556100;56264556100
Mathematics;7006164743;;
Mathematics;7006533300;;
Mathematics;7006693724;;
Mathematics;7006847462;;
Mathematics;7007094045;56779745200;
Mathematics;7007111175;25122938000;
Mathematics;7101736230;56000413200;
Mathematics;7102066717;;
Mathematics;7102398165;;
Mathematics;7102531918;;
Mathematics;7102650596;56689360500;
Mathematics;7102792816;;
Mathematics;7102871066;;
Mathematics;7103375714;;
Mathematics;7201941590;;
Mathematics;7202147327;;
Mathematics;7202245570;;
Mathematics;7202404420;;
Mathematics;7202434951;;
Mathematics;7202824670;;
Mathematics;7202995917;;
Mathematics;7203068480;36959007800;
Mathematics;7401488453;;
Mathematics;7402474029;;
Mathematics;7402559458;;
Mathematics;7402594319;;
Mathematics;7402615359;;
Mathematics;13305444400;;
Mathematics;14066623600;;
Mathematics;16414882800;;
Mathematics;16436126800;;
Mathematics;16476966800;;
Mathematics;16511884000;;
Mathematics;16528910600;;
Mathematics;24281995700;;
Mathematics;24300063200;;
Mathematics;24372697200;;
Mathematics;24427355400;;
Mathematics;24564725400;56290799000;
Mathematics;24571817400;;
Mathematics;26424494900;;
Mathematics;35446962400;24548725200;
Mathematics;35605741400;;
Mathematics;35608550600;;
Mathematics;35886268300;;
Mathematics;55187675100;7202194984;
Mathematics;55327876700;56555942100;
Mathematics;55859195585;36120352100;
Mathematics;56216782000;;
Mathematics;56250041300;;
Mathematics;56385461000;;
Mathematics;56615569000;;
Mathematics;;;
Mathematics;;;
Mathematics;;;
Mathematics;;;
Mathematics;;;
Mathematics;;;
Mathematics;;;
Mathematics;;;
Mathematics;;;
Mathematics;7004497906;;
Mathematics;;;
Mathematics;;;
Mathematics;;;
Mathematics;;;
Mathematics;;;
Mathematics;;;
Mathematics;7202075222;;
Mathematics;;;
Mathematics;;;
Mathematics;55848021000;7202478337;
Microbial Biology;6506399778;;
Microbial Biology;6701742000;56906795000;
Microbial Biology;7003291605;;
Microbial Biology;7003556315;56387025600;
Microbial Biology;7004317372;;
Microbial Biology;7004404812;;
Microbial Biology;7004729421;;
Microbial Biology;7004778948;;
Microbial Biology;7004802955;;
Microbial Biology;7005292351;;
Microbial Biology;7005494782;;
Microbial Biology;7005616939;7005616940;
Microbial Biology;7005684355;;
Microbial Biology;7005752957;56687431800;
Microbial Biology;7005850093;;
Microbial Biology;7006119630;56402843100;
Microbial Biology;7006263770;56758688300;56758688300
Microbial Biology;7006422763;57154397100;
Microbial Biology;7006753031;56829016100;56829016100
Microbial Biology;7007072287;;
Microbial Biology;7007149403;;
Microbial Biology;7101743802;57114463600;
Microbial Biology;7101820848;;
Microbial Biology;7101880208;55406651600;
Microbial Biology;7102096155;;
Microbial Biology;7102600215;;
Microbial Biology;7102888601;;
Microbial Biology;7102918020;;
Microbial Biology;7103021053;56505654600;56505654600
Microbial Biology;7103066529;;
Microbial Biology;7103113601;;
Microbial Biology;7103154727;56374999500;56374999500
Microbial Biology;7103232902;;
Microbial Biology;7103294649;56498643400;56498643400
Microbial Biology;7201456901;56750773400;56750773400
Microbial Biology;7201694436;55424650500;
Microbial Biology;7201722548;;
Microbial Biology;7202483336;;
Microbial Biology;7203086626;57189074476;57189074476
Microbial Biology;7401891480;57189468917;
Microbial Biology;7402000265;56623399500;56623399500
Microbial Biology;7404986359;56580935900;
Microbial Biology;35419075600;;
Microbial Biology;35425254800;56455963600;
Microbial Biology;35465343500;55799112600;55799112600
Microbial Biology;35472958200;;
Microbial Biology;35512566600;;
Microbial Biology;35593324300;;
Microbial Biology;36048808600;;
Microbial Biology;55168597400;56425452000;56425452000
Microbial Biology;55191559100;;
Microbial Biology;55198273800;;
Microbial Biology;55444507600;7102249516;
Microbial Biology;55642967400;7202280032;
Microbial Biology;55722663200;56909661000;56909661000
Microbial Biology;55728243400;7404027851;
Microbial Biology;56686415000;7404424603;
Microbial Biology;56976632300;57078035800;57078035800
Microbial Biology;7102902977;;
Microbial Biology;;;
Microbial Biology;;;
Microbial Biology;7202591916;;
Microbial Biology;;;
Microbial Biology;;;
Microbial Biology;;;
Microbial Biology;;;
Microbial Biology;;;
Microbial Biology;;;
Microbial Biology;55828995400;;
Microbial Biology;;;
Microbial Biology;55368050600;;
Microbial Biology;;;
Physics;6507088309;;
Physics;6602431597;36841910300;
Physics;6602685526;;
Physics;6603076494;;
Physics;6603249557;;
Physics;6603447928;55707952900;55707952900
Physics;6603706025;;
Physics;6603757916;;
Physics;6603798394;;
Physics;6603879050;56689688600;
Physics;6701353207;;
Physics;6701360504;;
Physics;6701401868;;
Physics;6701594380;;
Physics;6701711547;;
Physics;7003340791;57096935800;
Physics;7003487315;;
Physics;7003487999;;
Physics;7003493906;;
Physics;7003504882;;
Physics;7003566298;;
Physics;7003618786;;
Physics;7003662976;;
Physics;7003677005;56188170900;
Physics;7003686221;;
Physics;7003716134;;
Physics;7003768750;;
Physics;7003770605;;
Physics;7003818329;;
Physics;7003908077;;
Physics;7003930467;;
Physics;7004006466;57189350671;
Physics;7004048091;;
Physics;7004092575;;
Physics;7004124186;;
Physics;7004152649;;
Physics;7004157339;;
Physics;7004160701;;
Physics;7004180742;;
Physics;7004184897;36742845500;
Physics;7004361483;;
Physics;7004396547;;
Physics;7004411418;55910361300;
Physics;7004442944;;
Physics;7004449897;36720578100;
Physics;7004498242;;
Physics;7004508908;;
Physics;7004534991;57074551200;
Physics;7004536664;56969403400;
Physics;7004571641;;
Physics;7004682858;;
Physics;7004898038;;
Physics;7005101336;55833729200;55833729200
Physics;7005172649;;
Physics;7005222931;;
Physics;7005228300;57189273752;
Physics;7005343881;57189276468;
Physics;7005500179;56260563600;
Physics;7005539780;;
Physics;7005558283;55708061600;
Physics;7005634347;;
Physics;7005776649;;
Physics;7005786187;;
Physics;7006041778;56884168300;56884168300
Physics;7006076930;55401185200;55401185200
Physics;7006134027;;
Physics;7006194640;;
Physics;7006212056;;
Physics;7006331136;55871121515;
Physics;7006367176;56417326400;
Physics;7006513844;;
Physics;7006548502;;
Physics;7006629808;;
Physics;7006656214;;
Physics;7006716811;;
Physics;7006759543;;
Physics;7006777800;;
Physics;7006833489;56256019800;
Physics;7006910803;;
Physics;7007131541;;
Physics;7101601791;;
Physics;7101778254;56494336700;
Physics;7102689389;57081780900;
Physics;7103135112;;
Physics;7103232536;56489948100;56489948100
Physics;7103338931;56259865100;56259865100
Physics;7103340785;36820314400;
Physics;7103373841;56373161000;56373161000
Physics;7201484168;56924516600;
Physics;7201554416;;
Physics;7201779596;;
Physics;7201794914;56611387800;
Physics;7202093476;56207439500;
Physics;7202820840;56382726200;56382726200
Physics;7202857058;56775585500;
Physics;7401443573;;
Physics;7402433762;;
Physics;7402904762;;
Physics;7403142947;;
Physics;7403391484;;
Physics;7405760718;;
Physics;7409371247;57075178200;57075178200
Physics;8048092200;57002060500;
Physics;8347785300;;
Physics;8427513200;;
Physics;8437697700;;
Physics;8672690400;;
Physics;8745048700;;
Physics;13308771700;;
Physics;13612745200;55449201900;55449201900
Physics;16462128600;;
Physics;22966135200;;
Physics;22971731000;57068782600;
Physics;22973884200;;
Physics;22974295400;56897615200;56897615200
Physics;22975768600;22935097100;
Physics;22987931400;;
Physics;22988603300;;
Physics;22998223300;;
Physics;23044190000;57043127800;57043127800
Physics;23080522800;;
Physics;24364862200;;
Physics;24427101800;;
Physics;24497446500;;
Physics;24498868400;57075381800;
Physics;24546705400;;
Physics;24584102200;24546209700;
Physics;24772771900;56036670100;
Physics;24800160400;;
Physics;35225983900;;
Physics;35227490500;36082646300;36082646300
Physics;35227723800;;
Physics;35228106000;56365483400;
Physics;35273021600;55568516716;
Physics;35277567100;;
Physics;35314752200;;
Physics;35461392900;7005968165;7005968165
Physics;35498145900;56972337900;
Physics;35498930600;;
Physics;35510516100;;
Physics;35511532600;56493623200;56493623200
Physics;35554510800;56363934700;56363934700
Physics;35596574800;;
Physics;35602445700;57147178000;
Physics;54790578400;57189251650;
Physics;55017964400;;
Physics;55101438200;57096996300;
Physics;55148267400;;
Physics;55438844300;56540775800;
Physics;55516311300;22983789800;
Physics;55533003000;;
Physics;55664025300;;
Physics;55700922900;16404956900;16404956900
Physics;55923397200;;
Physics;56234979300;;
Physics;56238213000;7006680558;
Physics;56250709000;;
Physics;56275068800;7005833993;
Physics;56277204100;;
Physics;56277675000;10045541000;
Physics;56448188900;56785371000;
Physics;57083883100;16430087300;16430087300
Physics;26639160100;;
Physics;7402662103;;
Physics;6603398887;;
Physics;;;
Physics;;;
Physics;;;
Physics;8413690500;56978891100;55184260700
Physics;36868019900;6701561429;36968005800
Physics;;;
Physics;;;
Physics;;;
Physics;;;
Physics;;;
Physics;;;
Physics;;;
Physics;;;
Physics;;;
Physics;;;
Physics;;;
Physics;;;
Physics;;;
Physics;;;
Physics;;;
Physics;;;
Physics;;;
Physics;17037038700;57086050400;
Physics;;;
Physics;;;
Physics;;;
Plant Biology;7003641254;55409849300;
Plant Biology;7003756822;55362268900;
Plant Biology;7003761323;;
Plant Biology;7003830036;56842783400;
Plant Biology;7004044029;;
Plant Biology;7004466095;36746983300;
Plant Biology;7004611864;;
Plant Biology;7004775584;;
Plant Biology;7005758772;;
Plant Biology;7005811429;;
Plant Biology;7005857198;;
Plant Biology;7005897347;;
Plant Biology;7005900245;56825444500;
Plant Biology;7005980710;;
Plant Biology;7006042260;;
Plant Biology;7006063689;7006063688;
Plant Biology;7006153338;;
Plant Biology;7006178494;;
Plant Biology;7006198330;;
Plant Biology;7006226334;;
Plant Biology;7006303756;;
Plant Biology;7006342403;;
Plant Biology;7006474756;;
Plant Biology;7006509912;;
Plant Biology;7006585824;;
Plant Biology;7006740378;;
Plant Biology;7006761680;55983833900;
Plant Biology;7006878425;;
Plant Biology;7101659658;57062054100;
Plant Biology;7102229995;56715147800;56715147800
Plant Biology;7102344014;57061909000;
Plant Biology;7102530295;;
Plant Biology;7102640561;;
Plant Biology;7103108347;;
Plant Biology;7201434405;57038087800;
Plant Biology;7401766635;;
Plant Biology;7401768784;56101985900;56101985900
Plant Biology;7402011281;56402344900;
Plant Biology;7402298966;57146127400;
Plant Biology;7402506907;;
Plant Biology;7403195073;57020748500;57020748500
Plant Biology;7403310771;;
Plant Biology;16235942500;;
Plant Biology;26640239000;56832456700;
Plant Biology;34770847600;56978819800;
Plant Biology;35420135600;57114510100;
Plant Biology;35479582900;;
Plant Biology;35502354600;;
Plant Biology;35563406600;;
Plant Biology;35576880300;;
Plant Biology;35591693700;55255088100;
Plant Biology;35595869800;;
Plant Biology;55145266300;;
Plant Biology;55242768100;7006125954;
Plant Biology;;;
Plant Biology;;;
Plant Biology;;;
Plant Biology;;;
Plant Biology;;;
Plant Biology;;;
Plant, Soil, and Microbial Sciences;6603927775;;
Plant, Soil, and Microbial Sciences;7003548061;;
Plant, Soil, and Microbial Sciences;7003707280;;
Plant, Soil, and Microbial Sciences;7003814685;56713734000;56713734000
Plant, Soil, and Microbial Sciences;7003948411;;
Plant, Soil, and Microbial Sciences;7004003508;;
Plant, Soil, and Microbial Sciences;7004382200;;
Plant, Soil, and Microbial Sciences;7004449268;;
Plant, Soil, and Microbial Sciences;7004506544;;
Plant, Soil, and Microbial Sciences;7004862226;55983915800;
Plant, Soil, and Microbial Sciences;7005105217;;
Plant, Soil, and Microbial Sciences;7005163248;54886599800;
Plant, Soil, and Microbial Sciences;7005247017;56268113900;
Plant, Soil, and Microbial Sciences;7005353215;55871121034;
Plant, Soil, and Microbial Sciences;7005480057;;
Plant, Soil, and Microbial Sciences;7005504750;56847271100;
Plant, Soil, and Microbial Sciences;7005658490;;
Plant, Soil, and Microbial Sciences;7005785376;35953427800;35953427800
Plant, Soil, and Microbial Sciences;7005873606;;
Plant, Soil, and Microbial Sciences;7005942891;;
Plant, Soil, and Microbial Sciences;7006025462;;
Plant, Soil, and Microbial Sciences;7006154266;;
Plant, Soil, and Microbial Sciences;7006366844;56233816000;56233816000
Plant, Soil, and Microbial Sciences;7006477398;;
Plant, Soil, and Microbial Sciences;7006543472;;
Plant, Soil, and Microbial Sciences;7006544407;;
Plant, Soil, and Microbial Sciences;7006584507;;
Plant, Soil, and Microbial Sciences;7006767147;;
Plant, Soil, and Microbial Sciences;7007041205;7007041211;
Plant, Soil, and Microbial Sciences;7101877089;;
Plant, Soil, and Microbial Sciences;7102329573;56821377600;
Plant, Soil, and Microbial Sciences;7103303765;56903773400;
Plant, Soil, and Microbial Sciences;7201358748;36874979600;
Plant, Soil, and Microbial Sciences;7202338885;;
Plant, Soil, and Microbial Sciences;7401796902;;
Plant, Soil, and Microbial Sciences;7401997828;;
Plant, Soil, and Microbial Sciences;7402421513;36771630900;36771630900
Plant, Soil, and Microbial Sciences;7402540006;;
Plant, Soil, and Microbial Sciences;7402691472;;
Plant, Soil, and Microbial Sciences;7403087170;;
Plant, Soil, and Microbial Sciences;7403682336;57121426500;
Plant, Soil, and Microbial Sciences;7406718033;7407963979;
Plant, Soil, and Microbial Sciences;7408058559;56401334600;
Plant, Soil, and Microbial Sciences;12799754300;56313102500;56313102500
Plant, Soil, and Microbial Sciences;16533649300;6603808837;
Plant, Soil, and Microbial Sciences;35143290300;;
Plant, Soil, and Microbial Sciences;35510345900;;
Plant, Soil, and Microbial Sciences;35511558200;;
Plant, Soil, and Microbial Sciences;56002747100;7006634303;
Plant, Soil, and Microbial Sciences;56877600700;56877605500;
Plant, Soil, and Microbial Sciences;24743721500;36790157200;
Plant, Soil, and Microbial Sciences;;;
Plant, Soil, and Microbial Sciences;;;
Plant, Soil, and Microbial Sciences;;;
Plant, Soil, and Microbial Sciences;7003864185;;
Plant, Soil, and Microbial Sciences;;;
Plant, Soil, and Microbial Sciences;;;
Plant, Soil, and Microbial Sciences;7004066132;;
Plant, Soil, and Microbial Sciences;;;
Plant, Soil, and Microbial Sciences;7004568525;;
Plant, Soil, and Microbial Sciences;;;
Plant, Soil, and Microbial Sciences;;;
Plant, Soil, and Microbial Sciences;;;
Systems Neuroscience;6603640862;56757971800;56757971800
Systems Neuroscience;7004603155;;
Systems Neuroscience;7004609469;;
Systems Neuroscience;7004630141;;
Systems Neuroscience;7005043169;56909737400;56909737400
Systems Neuroscience;7005071951;56967808900;
Systems Neuroscience;7005201388;56221600300;
Systems Neuroscience;7005408591;;
Systems Neuroscience;7005412652;56827820300;
Systems Neuroscience;7005489607;;
Systems Neuroscience;7005982035;;
Systems Neuroscience;7005987828;;
Systems Neuroscience;7006040753;;
Systems Neuroscience;7006260874;;
Systems Neuroscience;7006446588;;
Systems Neuroscience;7006455346;;
Systems Neuroscience;7006708089;56767782100;56767782100
Systems Neuroscience;7006742740;57044366500;
Systems Neuroscience;7006830307;;
Systems Neuroscience;7006879588;;
Systems Neuroscience;7007041182;56915435000;
Systems Neuroscience;7007064829;;
Systems Neuroscience;7007094244;;
Systems Neuroscience;7102867840;56450303700;
Systems Neuroscience;7102904433;56956512000;
Systems Neuroscience;7103077997;;
Systems Neuroscience;7103403830;;
Systems Neuroscience;7103409505;7103409503;
Systems Neuroscience;7201382780;;
Systems Neuroscience;7201491738;55426045100;
Systems Neuroscience;7203026294;;
Systems Neuroscience;7402265377;;
Systems Neuroscience;7402346406;;
Systems Neuroscience;7402653705;;
Systems Neuroscience;15051769000;56772298500;
Systems Neuroscience;24432888200;;
Systems Neuroscience;24517161100;;
Systems Neuroscience;35353182000;;
Systems Neuroscience;35355682300;36750907200;
Systems Neuroscience;35356906300;7102893722;
Systems Neuroscience;35372693900;56750878200;
Systems Neuroscience;35451310700;;
Systems Neuroscience;35493874900;57146981300;
Systems Neuroscience;35546535100;55251146700;
Systems Neuroscience;35566687100;55732147900;55732147900
Systems Neuroscience;35595178300;;
Systems Neuroscience;55667365600;57189427240;
Systems Neuroscience;55822664500;56459539600;56459539600
Systems Neuroscience;56243320800;55395876600;55395876600
Systems Neuroscience;;;
Systems Neuroscience;;;
Systems Neuroscience;;;
Systems Neuroscience;;;
Systems Neuroscience;;;
